2.4615,2.3448,2.3077,2.6154,3.1304,1.9706,2.3333,2.2222,2.2143,3.3478,2.0645,2.6897,2.0,3.619,2.5806,2.9615,0.0
2.96,1.75,1.8158,3.0,2.5161,2.0278,2.4242,2.6667,2.6897,2.5833,2.2759,1.675,2.8889,2.6333,1.6053,2.6552,0.0
2.4333,2.0,2.0541,3.2273,2.6786,3.4,2.2188,3.2174,1.6667,1.8947,3.95,1.6,1.8611,2.1515,1.7692,1.9118,1.0
2.5185,2.625,2.0333,1.8333,1.8182,2.2571,1.575,2.7778,1.7143,3.05,2.1818,2.5,2.5556,3.15,3.0476,1.8571,0.0
2.0968,3.5909,2.3214,2.2,2.8077,2.5556,2.7037,2.3235,2.6,2.5806,2.0789,1.825,2.0513,1.525,1.7692,1.8571,1.0
2.0968,2.9615,2.6897,1.75,1.9412,2.625,2.3226,3.12,2.6333,1.95,2.3333,2.1,2.1622,3.1,2.75,2.0811,0.0
1.8205,1.7647,3.0455,2.3548,1.8857,2.0294,3.1667,2.0263,2.0,1.8718,1.7714,2.2571,2.6957,2.3333,3.1905,2.8636,0.0
3.1364,1.8158,2.0526,2.92,2.6923,2.2424,1.9167,2.2286,1.8529,1.9231,2.6429,2.4516,2.7778,3.0417,1.8108,2.3125,1.0
2.9583,3.2917,2.6296,2.3,1.8158,2.6087,1.8649,2.6786,1.8947,2.3,2.303,2.3704,2.3667,1.8857,2.7037,2.5517,1.0
2.027,3.2273,3.1818,2.8077,2.7727,2.7143,1.5789,1.725,1.7647,2.6897,1.75,3.4783,4.0,3.55,2.0,3.8,0.0
1.7949,3.0417,1.9062,2.6923,1.9444,1.875,2.125,2.1429,2.1935,2.7586,1.973,2.2571,2.25,1.75,3.7619,1.9394,0.0
2.1667,2.7857,2.3333,3.85,2.1765,2.5556,2.5,1.8378,2.0333,2.1389,2.0,2.7241,3.087,3.2857,2.6,3.1304,1.0
2.92,2.92,1.6757,1.8649,2.2333,1.7105,2.5172,2.8333,1.8529,1.9459,2.2903,2.5667,2.1667,1.6053,2.1081,3.3333,1.0
1.9062,3.0,1.875,3.7143,1.6944,2.8261,2.7727,2.8261,1.7778,3.95,2.2143,2.7308,3.16,3.15,2.76,1.8788,1.0
2.069,2.2571,1.525,2.4643,2.0938,2.56,2.96,2.2121,2.6897,1.8286,1.9487,2.3571,2.1786,2.3333,2.0256,1.9677,0.0
1.5789,1.575,1.9688,2.0,1.9744,2.4643,2.1765,1.9394,2.5,1.8649,2.1081,2.0667,2.2727,1.625,1.7105,2.1379,1.0
2.3077,3.5455,1.9737,3.1739,2.7308,1.9231,3.08,2.1379,2.1379,2.0526,2.2903,1.975,1.925,2.4375,1.7105,3.0833,1.0
4.0,3.1364,1.7692,2.2903,1.9167,1.725,2.6667,2.0938,1.775,3.2,3.45,2.0,2.7692,1.6316,2.8519,2.3548,1.0
2.0513,1.55,2.4688,2.0882,1.7,1.9355,1.9737,2.7778,2.6,2.1667,2.3846,2.0323,3.4286,2.1765,2.1351,2.1786,0.0
2.1471,2.6071,2.0312,2.5333,2.0,1.9375,2.2143,2.0541,1.575,2.6897,2.8571,2.8889,2.5,2.4,3.45,1.6486,0.0
3.0476,2.1429,2.1389,3.0,1.8718,2.3333,2.6897,2.5357,2.2121,2.3448,2.0286,2.8462,3.3,3.7143,3.05,2.8261,0.0
2.0811,2.375,1.9474,3.4286,2.2857,2.3704,1.675,2.25,3.0,2.7308,3.12,3.5,1.7632,2.3462,2.5667,2.2727,0.0
1.8824,2.7826,2.0,2.5667,1.55,2.8,2.4615,2.0,2.2414,1.8333,2.1389,2.2647,1.7632,3.3,3.5,1.9714,0.0
2.2667,1.875,1.9375,2.7586,2.2647,1.7,1.95,2.3793,2.2593,2.3438,1.7838,2.913,1.8571,2.2812,2.0333,2.1053,1.0
2.0,4.0,2.56,1.9189,3.8,2.2333,3.3636,3.5909,2.6667,2.2258,3.95,2.0263,2.8696,2.4242,2.8148,3.0,1.0
2.2258,2.8462,2.6333,2.8182,2.0312,2.6,2.7241,2.0541,2.0882,2.9615,3.0,2.6522,2.6667,3.0385,1.9412,1.7027,1.0
1.8108,2.2143,2.8261,1.75,2.1515,1.5,3.3478,1.7692,2.129,2.6429,2.2,2.2812,2.7857,3.7143,2.6087,3.16,0.0
1.9744,2.92,1.5641,2.9091,1.8158,2.2857,3.0455,3.12,1.7895,3.3182,2.0571,3.75,1.9231,3.1667,2.2222,2.2812,0.0
3.55,2.6923,3.0952,2.7241,3.45,2.1944,2.4,3.1304,2.1622,3.45,2.6552,3.35,1.8889,2.1053,1.8718,2.4828,0.0
1.85,2.2903,1.7714,1.8571,3.1429,2.5,1.8889,2.1081,2.1111,3.4091,3.2,2.8214,3.4545,2.3929,2.0625,2.2222,0.0
2.0667,2.8333,2.6071,3.0769,3.55,2.2188,2.2571,2.1562,2.5417,2.0541,3.2,1.9143,1.7179,1.5,2.2571,2.2222,1.0
2.7273,3.125,2.1351,2.0625,2.1333,2.3871,2.1111,1.6923,1.8182,1.8889,2.8214,2.0,2.5833,2.2727,2.5806,2.1143,0.0
2.64,3.2273,2.0303,2.2759,2.8214,2.5714,3.35,3.3913,2.52,2.1351,2.7143,2.7826,2.875,1.8205,2.375,1.8684,1.0
2.6,2.9615,2.6071,2.7586,2.0526,2.2727,2.8846,1.7941,2.9091,3.4348,3.0385,3.5,2.4516,1.6579,3.0417,2.5517,1.0
2.0857,2.5,2.4483,2.7037,2.3667,2.0,2.5161,2.6087,2.0278,2.4667,3.25,3.4286,1.9231,1.9714,2.4074,2.3871,0.0
2.3548,1.7143,2.5862,2.0,2.0667,1.9677,2.4643,2.6667,3.619,2.1176,2.3333,2.8696,3.2083,2.125,3.2727,2.4194,0.0
1.8788,2.6538,2.3462,2.5,2.1818,2.0,2.2667,2.5806,2.0556,1.9744,3.0909,1.9,2.8462,1.5641,2.2353,2.303,1.0
3.1364,3.0,1.8611,3.0435,2.5926,2.2,2.3636,2.3438,3.0,3.25,2.3448,2.0882,3.4762,1.8649,2.2857,2.3,1.0
1.6923,1.7714,2.3333,3.12,1.8462,1.8974,1.75,2.25,1.9412,3.3333,3.0,2.4,2.7778,1.6667,2.2333,2.0513,1.0
1.875,2.5385,2.0,1.8333,2.4138,2.44,1.9189,1.925,2.5806,2.0556,2.2647,2.0968,2.9167,3.25,2.6667,3.85,0.0
1.7143,2.52,1.5385,1.8919,2.7778,1.6053,3.2917,1.7692,2.0909,2.0,1.6316,2.8846,3.5455,1.8947,1.8056,2.0,0.0
2.7917,3.4,2.2069,1.9487,1.5385,2.0,2.8,3.0476,2.6154,2.2,3.08,2.7917,1.6944,2.4286,1.8649,2.9091,0.0
2.1053,3.25,1.7895,2.8889,3.65,2.2143,2.2121,2.9231,3.05,2.5333,2.8,1.625,1.7778,2.2647,3.4545,3.2857,1.0
4.0,2.0,2.8571,2.1429,3.1667,1.8529,3.2857,2.1429,1.7941,1.775,2.4231,2.4074,3.2727,1.9375,3.8095,1.8378,0.0
2.2143,3.8,1.9487,1.9118,2.0667,2.8261,1.6944,2.5,2.4,2.5,1.8421,2.6667,3.35,1.7368,3.3333,2.0,1.0
3.2857,2.375,2.5333,1.6842,2.7273,1.65,1.8158,1.7436,2.4643,3.6,3.3913,2.0833,2.0,3.2609,2.1389,2.64,1.0
1.9355,2.4483,3.0455,2.0,2.7917,1.8286,1.8333,1.9091,2.6667,3.7619,2.4074,1.9189,2.0,2.4286,1.8611,2.9091,1.0
3.3333,2.2,1.9412,2.5556,2.6,2.2,1.8947,2.3333,1.7,2.9091,2.5385,3.8095,1.8333,2.8261,1.641,2.3929,0.0
2.0,2.9583,1.9737,3.5909,2.1379,2.0,3.0,2.6667,2.4,2.2857,2.1081,2.7692,1.575,2.7778,1.8824,2.2857,0.0
2.7727,2.5,2.963,2.8182,3.45,2.1515,2.1515,2.3667,2.0606,1.8182,1.575,2.9524,3.0,2.3793,1.8182,2.4375,0.0
2.52,2.069,2.303,2.0526,2.1471,2.0,3.3913,2.7407,3.0,2.875,2.0303,2.6333,3.1429,2.4333,1.7941,2.7391,0.0
3.08,2.0606,2.3,2.0938,1.8056,2.6786,3.95,2.8333,1.8235,2.5806,2.6667,2.6538,3.087,1.8,2.5417,2.7826,0.0
1.9714,3.5714,2.0556,2.3214,2.0312,2.1613,2.0294,3.2273,1.8286,3.4783,2.8462,2.1944,3.1,2.8214,3.2609,2.1034,0.0
2.92,1.8108,1.85,2.0,2.3077,2.75,2.1562,2.069,2.0312,2.4,1.7436,2.0526,3.2609,3.85,2.7727,1.75,0.0
2.129,2.2963,2.4375,1.8947,2.6667,2.129,3.2857,2.1935,2.3125,3.8,3.6667,1.55,3.7619,1.5641,2.0,1.8,0.0
2.7917,2.5357,2.5,1.8158,2.8696,2.2286,2.7391,2.8261,2.3846,3.0833,2.6897,2.52,3.0385,2.4242,2.7407,1.7692,1.0
2.0645,3.5714,1.6154,3.0833,2.6957,3.85,3.0455,2.0833,2.2727,1.9714,1.65,2.0588,2.1,3.7,2.1379,2.92,0.0
2.5806,3.0769,3.5455,2.25,2.8077,2.3333,3.0769,2.8261,1.75,2.2424,2.8696,3.2857,2.1351,2.5833,2.52,3.3636,0.0
1.65,2.0811,2.8,3.0909,2.5,3.4783,1.9,2.7826,3.0417,2.125,1.925,1.7,2.1379,3.2,2.1944,3.4,0.0
2.1667,3.0435,1.75,3.4348,3.2381,1.65,2.1875,1.725,2.2069,2.3235,2.0312,3.2381,2.069,1.9697,2.3125,2.5517,0.0
2.0312,2.7727,2.5667,2.9259,2.3333,2.2667,3.95,3.2,2.2647,1.5,2.9565,2.9048,1.8649,3.3333,2.5417,2.76,0.0
2.2333,3.0,2.7273,3.0,3.5909,1.7692,2.0,1.7647,2.4,2.6207,2.5769,2.7917,2.0,2.3871,2.0263,2.7241,1.0
1.65,2.7308,2.6087,1.8857,1.9091,2.0938,2.5161,3.4545,2.5185,3.1667,2.7692,3.3182,2.1935,2.76,2.0556,2.1724,1.0
1.7436,2.2424,1.8333,3.6667,1.9429,3.2174,2.8,2.5357,2.7826,2.6786,3.2083,3.15,3.0435,2.68,2.3571,2.56,1.0
3.0455,2.069,2.3,3.5,2.3448,2.0278,2.0286,2.9091,2.92,2.0263,3.8095,2.2759,3.2609,3.125,2.0811,3.15,1.0
2.7241,2.1786,3.1364,3.5909,3.4783,2.9583,1.8158,2.0,3.2917,1.6486,2.0526,2.0606,3.05,3.5238,2.75,2.0333,0.0
1.925,1.7436,2.1379,2.4375,1.8378,3.0476,2.4688,3.5,2.1613,1.8718,2.2333,3.5909,3.0476,2.2647,2.1389,2.069,1.0
3.25,3.7143,1.7941,2.88,2.0333,1.6923,2.68,2.0,1.6944,1.7568,2.6552,3.5714,1.7568,2.1765,2.8571,2.7391,1.0
2.5484,2.0588,2.0,1.8571,2.0,2.0278,2.1,2.4839,2.3125,2.7273,3.85,1.9167,1.75,2.7143,2.0278,2.3871,1.0
1.7714,1.7179,3.0952,2.0968,1.8947,1.6216,2.8333,2.0,1.7368,3.4091,2.9524,2.0606,1.8158,1.5385,1.7179,2.0571,1.0
3.2727,3.1818,2.4444,2.913,2.3,3.6667,2.0278,2.8571,2.8148,1.9394,2.9048,2.0833,3.2609,3.0417,2.6207,1.8947,1.0
2.0833,3.2917,2.8333,2.6207,1.525,2.8519,2.7857,1.7632,3.0385,3.619,1.8286,2.4667,1.8947,2.2903,3.0,1.9744,0.0
2.6087,1.8235,2.75,2.0938,2.0857,1.7105,2.0588,2.8148,2.6154,2.5333,1.875,1.8919,3.381,1.975,3.55,3.5455,1.0
1.9394,2.0,3.2273,2.7692,2.2647,2.625,4.0,2.913,2.2414,1.8286,3.25,2.0645,3.1304,3.0,2.6429,1.825,0.0
2.6552,1.7714,1.7368,1.7027,3.0952,2.0811,1.9394,1.9231,2.5385,3.1818,3.0952,2.6538,2.3235,2.625,2.64,1.9189,1.0
3.0,3.1304,3.4348,1.6842,1.641,2.1333,2.1429,1.5385,3.0,2.5517,2.7826,2.0,2.5833,1.973,1.9355,2.7778,1.0
1.6757,2.1935,2.5417,3.8095,1.7429,2.2222,2.3846,3.4091,2.4,2.9259,2.0938,1.6,3.0,2.2414,3.2857,1.8824,1.0
2.0333,2.7083,3.381,2.2727,2.4643,3.0385,2.0541,2.2333,1.9697,2.9231,2.6923,3.0952,1.55,1.9459,3.4783,3.0952,1.0
1.875,1.8,2.069,2.2222,2.1667,3.6667,2.2222,1.973,1.9697,3.12,2.4516,2.44,1.6667,1.625,3.05,2.25,0.0
3.3333,1.6923,2.1515,2.2424,3.85,2.3548,2.68,2.8261,3.1667,2.7692,3.381,1.6486,2.1351,2.6296,2.2,1.625,1.0
2.0526,2.6154,2.0526,2.5333,3.7,3.1905,1.9677,2.5862,3.5455,2.0,3.65,2.9167,3.3478,1.6667,2.9615,3.0952,0.0
2.0833,2.3235,1.75,1.875,3.25,1.9706,2.0278,2.0286,1.9688,1.8649,2.4688,3.4091,1.7692,3.4,3.5909,2.875,0.0
2.0,1.675,1.875,3.65,3.5,2.2857,2.3226,2.1351,1.6667,2.2,1.7143,1.7027,2.1622,2.5926,2.1667,1.9118,0.0
2.1515,3.85,2.0526,3.6,1.75,2.5806,1.75,2.0588,3.087,3.55,1.7222,3.2,1.9714,2.3448,2.3548,2.8696,0.0
2.4,3.3182,2.6154,1.8421,2.0,2.1667,2.9545,2.2727,2.5385,2.4074,1.7895,2.1667,3.0,2.6429,2.2667,2.3438,0.0
2.25,1.9091,1.75,2.0789,2.76,3.381,2.68,1.6486,3.2381,3.85,2.0938,3.2381,1.7941,3.6667,2.1613,2.6667,0.0
2.0286,2.0333,2.7727,2.3438,2.3226,2.5484,2.8333,1.8684,2.2258,2.3077,1.625,2.0789,1.575,2.8696,1.6923,1.8421,1.0
2.3103,2.4828,2.8148,2.68,1.8919,1.8684,1.5385,2.0526,3.2857,2.9091,2.2581,2.4194,2.3214,2.3529,2.4815,3.7,0.0
1.9474,2.3704,1.7949,1.7297,3.75,1.6579,2.5,3.65,2.72,2.4231,1.9412,3.2727,2.3214,3.45,2.0,2.9524,1.0
3.0769,2.2353,2.0,2.2571,1.9118,2.6087,1.8611,2.1667,3.2273,2.9167,2.5806,1.7941,3.1304,1.9062,3.1,2.2647,1.0
2.5833,2.75,1.9677,3.2,1.7632,2.4231,2.1,2.0625,1.8378,2.1,2.6957,2.4,2.0588,1.525,2.3704,2.3333,1.0
1.85,2.5517,2.4,2.1944,2.4839,2.375,1.9459,1.8235,3.7619,2.1935,2.5,3.55,2.2258,2.3529,2.2963,3.5455,0.0
2.2353,2.1622,2.3226,2.7857,3.35,2.0312,2.1935,2.6667,1.7632,2.5769,2.1667,2.5833,2.4333,2.0,2.4062,1.9189,0.0
3.5,3.8,2.3235,2.68,2.1765,1.9167,1.8919,1.7143,2.9231,3.25,2.1667,2.0645,2.7037,1.5,2.7778,2.3704,0.0
1.7692,2.1622,2.875,3.0909,1.5789,3.4,2.0263,1.7895,3.4286,3.1364,3.2273,1.9706,2.1515,1.8333,1.9429,2.9048,0.0
1.825,3.85,2.3704,1.675,3.05,1.9375,2.0571,2.1714,1.625,3.8095,2.1053,2.0811,2.2143,3.2,3.1818,1.9722,1.0
1.8485,2.0,3.5238,2.0968,2.6333,3.0455,2.1667,2.5862,1.8182,3.35,3.4783,2.2333,2.7586,2.4138,2.0938,2.5667,0.0
2.0,2.8333,2.5185,2.6333,2.1176,2.0606,1.9091,2.7241,3.2,2.4444,2.8571,1.9355,2.3793,3.0769,3.4286,3.4545,1.0
2.0,2.68,2.875,2.0256,3.4348,2.7273,1.9412,2.0256,1.6154,3.4348,2.0,2.4333,2.0294,1.8947,2.1765,3.125,1.0
1.85,2.4375,2.8636,2.5,1.55,2.4074,2.1944,2.4242,2.1935,2.9615,1.9737,2.1875,2.0,2.0,2.0909,2.3214,1.0
3.4286,2.8333,3.4348,2.5,2.9545,1.9697,1.8824,1.8108,2.0789,2.125,1.641,2.4643,3.6,3.4545,2.1429,1.8421,0.0
2.0,3.4348,1.7632,2.8261,1.9143,2.4444,2.1944,2.84,1.8788,2.1176,2.1333,2.2857,2.5172,1.575,2.3939,1.6053,1.0
3.04,1.8158,3.6,3.0,2.7308,2.2222,1.8,2.1875,1.9118,2.8519,1.6757,2.1765,1.7143,2.0,3.0,2.5484,0.0
2.1333,2.3125,2.4516,2.2857,1.9474,3.1818,3.0417,2.1053,2.7586,1.925,1.875,2.4194,2.0263,1.6923,2.1143,1.9737,1.0
3.3913,2.3448,2.3548,1.9189,1.6757,3.3913,1.775,2.5,2.0968,3.3636,3.15,3.0909,3.6,1.8611,2.6538,2.3226,1.0
2.2727,1.8718,2.6923,3.0417,2.5833,3.2609,2.5,3.5455,2.2,2.8571,1.8,1.7647,2.2286,1.9412,3.3478,1.5,0.0
2.5926,2.2857,1.7692,2.8261,1.6757,1.8056,2.0294,3.4545,1.9394,2.4643,2.2258,1.8529,1.5385,3.3913,2.0263,3.12,0.0
2.64,2.027,3.2381,1.9143,3.0909,2.0,1.9688,3.6667,3.4,1.8108,2.7692,2.4815,2.2571,2.6087,1.9444,2.0312,0.0
2.3125,2.0968,2.2286,1.8788,2.4,1.7436,3.2,2.7391,1.7368,3.0952,2.375,2.1471,1.8286,2.0667,3.125,2.9545,1.0
2.1379,2.56,3.25,2.2,2.0312,2.1818,2.6087,2.9583,2.3871,3.1364,1.9143,3.08,2.2727,1.8788,2.1667,2.129,0.0
2.2222,2.2121,1.6,1.9444,3.3333,3.2381,2.0882,2.75,1.6944,2.5357,3.0435,1.7222,2.1143,2.2812,2.4194,2.1212,1.0
2.8214,2.0,2.5926,2.2286,2.1333,2.5862,1.5641,4.0,2.5417,3.4,2.6154,1.6923,2.88,2.5806,2.25,1.7692,0.0
1.6579,2.125,3.4545,2.9583,2.9565,1.7429,2.2353,2.5,3.2174,2.1786,2.7727,3.2,2.1379,2.0541,3.0769,3.1905,1.0
1.8108,2.2258,1.7647,1.9677,2.2,2.5,2.0294,2.2647,2.8571,1.9706,1.8378,1.8286,2.0263,2.5333,1.8205,1.8108,1.0
1.9211,1.6,1.9737,1.8571,2.1944,2.3214,2.4667,2.8696,2.6522,2.5556,1.8684,3.0435,2.72,2.027,1.5897,3.2,1.0
4.0,2.0256,2.0667,2.0,2.2593,2.4375,2.5714,2.2424,2.2143,3.75,2.0256,2.4194,1.5789,1.5,1.6842,3.08,1.0
1.7222,2.7241,2.0303,3.85,2.4828,3.4545,2.3929,2.0294,1.7949,2.3,2.6429,2.6667,2.0,1.8718,1.5789,1.5385,0.0
2.5833,3.0952,2.1875,3.2381,2.6522,2.4839,1.7568,1.625,3.5,1.8824,2.2424,2.0,2.6154,2.4483,1.9189,2.0333,1.0
3.0455,1.9688,3.0476,2.2121,2.2667,1.8529,1.7941,2.0938,2.0,2.4483,2.8148,2.0286,2.8696,2.0286,3.4348,1.8947,1.0
1.9091,1.675,1.8857,1.8485,2.5357,1.5385,2.8696,2.0,2.4643,2.1212,1.9688,2.4074,2.5333,2.3103,1.8378,2.5,0.0
2.375,3.0833,2.9167,1.8974,2.3462,3.0,1.8529,2.1351,1.8889,2.7778,2.875,1.9474,2.5357,2.5667,3.0,2.0333,1.0
2.3,2.1081,2.6957,2.3667,2.6667,2.625,1.8684,3.85,2.2903,3.25,2.6207,1.6,2.5769,1.7647,1.9189,2.303,1.0
2.6667,3.0,1.7297,2.0571,3.0769,1.525,3.0,2.1724,1.875,2.4062,1.8718,1.7632,3.5,2.8636,1.95,1.6316,1.0
3.8,2.5185,2.1212,1.8158,2.3462,1.641,3.0952,1.8378,3.4545,3.2917,1.8788,1.8182,1.6154,2.1714,3.0476,2.1786,1.0
2.4839,2.0278,2.4231,2.6,1.9062,2.5926,2.3438,2.1818,1.825,2.2647,2.0938,2.2857,2.2,2.2424,2.1613,1.7778,0.0
2.6333,2.1,1.975,2.0645,2.7826,2.3438,2.0833,1.5385,1.75,1.6316,2.5417,2.0,1.7436,1.9714,2.1765,2.6296,0.0
2.7917,2.2941,2.8214,3.2174,3.5909,3.12,2.2963,2.5,2.1622,1.6944,2.4333,2.9545,1.973,2.2188,1.7647,2.4444,0.0
1.8,2.5,2.5806,3.5714,2.2647,2.0,2.0811,2.3,2.3438,1.525,2.0,2.3226,1.5,3.0833,2.0882,2.2857,0.0
2.4828,1.8235,2.9545,4.0,1.9355,2.9565,2.5,2.0312,2.0312,2.2,2.4,3.5455,2.3929,3.0455,2.0312,2.9259,1.0
3.0,1.7143,1.9459,2.7692,2.7917,3.3043,2.8462,3.4545,2.2759,1.6579,1.875,2.5185,1.9706,2.3529,2.3548,2.2286,1.0
2.9231,2.4194,1.55,2.92,1.7027,2.7778,1.8205,2.4828,1.7027,3.4762,1.8571,3.0769,1.8158,1.9677,2.303,3.9,0.0
2.0312,3.1364,1.9688,2.56,1.9714,2.5806,2.1429,1.7105,2.2069,3.1364,2.2188,2.0857,2.9583,2.2647,2.64,2.75,1.0
2.0,1.9714,2.8214,2.3529,1.9211,2.84,2.5833,2.9524,1.575,2.2903,2.4,2.8696,1.625,2.1,2.3333,1.7105,1.0
2.7241,2.0909,1.6154,3.0435,2.92,2.2,1.9118,2.3939,2.4,2.2286,2.3667,2.6667,2.9615,1.7436,1.8,2.4138,0.0
1.9487,2.2222,3.0,2.0323,2.7586,3.08,1.6944,1.8158,2.52,2.3939,2.8571,2.1053,2.0556,1.7941,1.8,2.1351,1.0
4.0,1.6216,3.7,2.5556,2.4194,1.7692,2.0333,3.0,2.1935,1.8462,2.2286,2.6667,2.75,1.8462,1.7436,3.0909,1.0
2.3,1.8462,2.1471,1.975,2.0294,2.4333,2.069,2.4839,2.68,1.925,1.7778,2.76,2.1429,1.7838,2.625,3.08,1.0
2.0,1.8947,2.0789,3.12,2.0909,2.5,2.1562,2.2353,1.875,2.8571,2.2222,2.8182,2.0312,1.9189,2.8261,2.3871,0.0
2.0588,2.8182,2.5161,3.5714,2.4444,2.0645,1.7368,2.3103,2.5833,2.7407,3.2381,2.4667,3.0833,3.25,2.52,3.2083,1.0
1.9091,1.7436,3.0417,1.55,2.2424,3.9,3.2609,1.95,2.5385,1.5,1.8462,2.2581,3.5,1.7027,1.9677,2.303,1.0
2.2812,2.0789,3.3043,3.3182,2.1034,3.619,2.6154,2.1944,1.8108,1.75,2.0,2.1053,2.1389,2.0333,2.1622,1.6486,0.0
3.2609,2.3,2.8148,2.129,2.7778,2.1818,3.2857,3.85,1.9143,2.3448,3.16,2.7391,3.0,3.0833,2.0882,2.48,0.0
2.2069,2.8846,2.6923,1.641,2.0667,2.7143,3.381,1.7436,3.0417,1.8889,1.9167,3.5238,1.8462,2.2903,1.8974,3.0,1.0
2.2414,1.9722,1.8056,2.1053,2.5172,2.8846,2.75,2.0,2.3929,1.7895,3.15,2.5,3.125,1.8158,2.1111,1.9444,0.0
2.1765,2.5517,2.72,3.0,1.975,1.8718,1.7,2.3462,2.2,2.3636,2.25,3.7143,2.3077,2.7143,1.7143,2.4516,0.0
3.2,2.0513,3.0,4.0,1.9697,2.875,1.75,2.1429,1.6316,2.3929,3.0952,2.7917,1.9688,2.1667,1.7895,2.4074,1.0
1.575,2.0789,3.4286,2.8182,1.9167,2.0323,1.8788,2.0,3.05,2.5806,2.1724,1.8235,1.8235,2.2759,1.925,2.6923,0.0
1.6486,2.1471,2.8636,2.9583,1.9677,1.9231,3.0435,3.04,2.9524,1.6944,2.56,2.4516,2.1786,3.75,2.6207,2.4667,1.0
1.8974,1.8421,1.8919,1.825,2.4828,2.0286,3.1304,1.9118,2.7391,2.0294,1.825,2.0,2.1429,1.9211,2.1667,1.9487,1.0
2.1724,1.6053,2.0,1.9231,1.9688,1.6757,1.9444,2.2121,1.7692,1.9189,2.5517,2.2812,1.8205,2.2286,3.3043,2.0645,0.0
1.8919,2.6,2.0256,3.3,2.6957,3.3,2.625,2.0789,1.8333,2.5,2.0667,1.641,1.65,2.3103,2.1765,3.1,1.0
2.5517,2.5,3.0,2.7083,1.7895,3.5455,1.9714,2.9583,2.125,2.0857,3.0952,1.6923,2.1613,2.0,2.0556,1.7297,0.0
3.2,2.2667,2.3125,2.5161,2.3871,2.68,2.0667,2.375,2.0,2.0513,3.6667,1.9375,1.8529,2.0541,1.8421,2.5161,0.0
2.2143,2.8636,3.7143,3.2174,2.5172,2.25,1.575,3.4091,1.7838,1.8974,1.8182,3.65,2.8846,2.9048,3.3043,2.6552,0.0
3.7,1.6154,3.1429,1.7222,2.0938,2.6667,2.1212,1.9189,2.0,1.8611,2.7241,1.725,2.7241,3.9,2.2,2.2121,0.0
3.04,3.2083,3.1905,2.5,1.875,1.6757,2.8571,1.7838,3.1818,2.2667,2.5357,1.9444,1.6316,2.1818,1.641,1.8974,0.0
1.6486,3.25,2.3704,1.95,2.56,3.0476,2.6957,2.84,1.9722,2.5833,3.0,2.5714,1.9744,3.2174,1.7436,1.675,1.0
2.4074,2.2857,2.8333,1.8182,2.4667,2.3125,2.0,2.8571,2.0625,1.9706,2.3462,2.8182,2.4,3.2273,2.303,1.6842,0.0
1.55,1.6316,3.25,2.0,2.1875,2.3333,1.8611,3.6364,3.0,1.9189,1.7027,1.55,2.5926,2.2222,2.6207,2.8077,1.0
2.1944,2.2903,3.0455,2.1053,2.1429,1.7838,2.4138,2.1724,2.7778,3.25,2.0882,2.0323,3.16,1.7692,2.0833,1.8947,0.0
1.6579,2.1176,2.6333,2.0909,2.2,3.12,3.3182,1.5789,1.8286,3.25,2.2963,3.3043,1.6923,2.6429,1.9474,1.973,0.0
1.6579,3.5714,2.4444,2.2121,2.1613,2.2667,1.7436,2.84,2.75,1.6154,2.2414,2.6923,2.2188,3.2609,3.4545,2.4615,0.0
2.2353,3.5238,1.8378,3.15,2.3448,1.8,2.5185,1.7429,2.5161,1.6486,3.2381,2.5517,2.0968,1.8857,2.5484,2.2353,0.0
1.8919,2.1333,3.0,3.2,1.8857,2.6923,2.8214,2.7857,2.5333,2.2941,3.1304,2.0833,2.9565,1.6486,2.1471,3.0385,0.0
2.5,2.1818,2.1389,2.1613,1.95,2.5385,3.1,3.7619,2.5484,3.5714,3.4,2.7826,1.625,2.1613,2.0256,2.7857,1.0
2.9583,2.7727,3.7619,3.0385,1.6757,2.0556,3.25,2.4839,2.6087,2.3667,2.8148,3.3,1.9697,3.15,1.6316,2.7143,0.0
1.775,2.8182,1.6842,3.0909,2.3438,2.4667,2.8571,2.1176,1.7429,1.9697,1.7692,1.8158,3.0455,2.0,3.3,2.0556,0.0
1.775,2.3929,2.25,3.0,2.4231,1.5641,1.9706,1.8889,2.069,2.2222,2.1613,2.48,2.0968,2.7778,1.7143,1.9714,0.0
2.0,1.8158,2.3103,2.2759,2.6087,2.2857,1.8286,1.75,3.3636,1.9375,2.5556,2.0286,3.1364,2.0606,2.8333,2.3438,0.0
2.2667,2.8696,2.0,3.0385,1.973,3.5,1.9737,2.4,1.8611,2.6667,1.7632,2.2121,2.9615,2.2647,2.5806,2.1714,0.0
3.0833,1.6316,2.1613,2.1143,3.0,2.1143,2.9545,1.875,3.9,1.7647,3.4762,2.7037,3.9,2.2143,2.1714,3.3636,0.0
2.0909,1.925,2.3448,2.7083,2.75,1.5897,1.7297,3.45,2.2571,3.5238,1.8649,3.12,2.4688,1.7,2.88,1.5,1.0
3.7619,2.3846,2.7778,3.3913,2.3636,2.1034,2.1935,2.4138,1.7368,1.7895,2.3548,2.0278,1.8378,2.2222,1.7297,2.3448,0.0
1.5,1.8611,1.6923,1.8718,2.8571,2.9259,2.4839,2.0303,2.3939,2.5333,3.0,2.3929,2.4516,1.5789,3.3333,1.8529,1.0
3.9,3.5909,3.2083,1.9737,1.6053,3.3182,1.9722,3.0,2.8462,1.6667,2.6522,1.9429,2.0588,3.2609,2.5714,2.8636,1.0
2.0968,2.88,2.3939,3.1905,1.8857,1.7714,2.8214,2.3462,2.1714,2.1,2.5667,2.8696,1.9231,3.1818,2.875,2.3929,0.0
3.12,2.7917,2.9167,2.9231,2.9091,2.303,1.6944,1.9697,2.1724,2.0294,2.2812,2.4231,3.2,2.4615,2.9231,2.5333,0.0
2.5161,1.7143,2.3226,2.0312,2.1111,2.9091,3.16,2.0,1.7222,1.5385,1.675,2.6071,1.9412,2.7407,2.069,2.3125,0.0
2.2258,2.25,2.75,2.5,2.6154,3.5455,1.7179,2.88,2.0,2.0,3.15,2.3793,1.8649,2.7727,1.875,3.2917,1.0
2.5,2.5,2.2593,2.2941,2.1389,2.1622,3.0833,3.0909,2.6786,2.2059,2.0,3.4286,3.5,2.0588,2.44,2.5,1.0
2.1176,2.9615,2.1379,3.0833,3.16,2.6923,2.1389,2.4667,2.8519,2.5333,2.1765,2.7037,2.0323,2.8077,1.5641,2.3333,0.0
2.3548,2.0,2.7586,2.0,1.7436,2.5417,3.65,1.8421,2.8261,3.16,3.9,1.6216,2.4643,1.625,2.5357,1.6316,0.0
3.08,2.9524,2.5385,2.2,3.7619,1.9474,3.5238,2.2812,1.8889,2.2667,2.6957,2.5,3.45,2.3939,2.0,2.625,1.0
2.3,1.8611,2.0588,2.0294,3.0455,2.4828,2.8846,2.0,2.0,2.6333,3.7,2.3929,3.0952,1.7027,1.7838,2.0323,1.0
2.3704,2.7917,1.6216,2.3793,1.8857,3.3333,3.0833,2.2581,2.8519,2.1667,2.6296,2.1081,2.1379,2.3462,1.7632,3.0769,1.0
1.7778,1.8788,3.0,1.7568,3.4348,2.0811,2.027,1.8286,2.7241,2.9091,1.7368,2.4688,2.2727,1.8333,3.3182,2.4828,1.0
2.7143,2.2333,2.1034,2.3871,1.9722,2.0286,2.92,2.4074,2.1667,2.2121,1.7,1.6,2.9048,1.875,2.4839,2.7083,1.0
3.4545,2.8636,2.125,1.6316,3.6,2.7692,3.4783,2.3235,2.3214,2.1034,1.6923,2.5769,2.68,3.8095,1.8571,2.6207,1.0
1.725,1.9,1.9722,1.8286,2.1351,3.16,2.7037,1.8158,2.5385,3.45,2.8182,1.7368,3.4091,2.7083,2.2941,2.3226,1.0
2.5,2.6154,2.0,3.1905,2.0857,2.8214,2.8214,2.5806,3.4545,2.64,3.85,2.2069,2.8333,2.0,2.84,3.1364,1.0
2.303,2.8846,1.9412,2.0645,1.8378,1.6,1.8684,2.0,2.1333,2.0588,2.6667,2.5926,2.1143,3.25,2.9565,1.7179,1.0
2.4375,2.0,1.7222,2.9524,2.375,1.8611,2.5357,2.6957,3.4286,2.6552,1.9,2.0556,1.6579,1.9231,1.9231,3.0435,0.0
2.6667,3.1739,2.6296,3.0769,2.6522,2.6429,2.2759,2.6667,1.8,1.973,2.1667,2.5667,3.45,3.0476,2.0811,2.6429,1.0
1.6154,1.7838,2.0556,2.2667,2.4138,3.1905,1.9375,2.0,3.619,2.7273,2.0938,2.0857,2.75,2.88,2.2069,2.3462,1.0
1.7,1.9231,2.2333,2.913,2.76,2.5484,2.8148,2.48,2.1333,1.9688,2.5,2.4815,3.2609,2.75,2.2188,2.84,1.0
2.5,1.8378,2.6667,1.9,3.55,2.5,1.65,3.0455,3.3913,1.6316,2.9583,1.8205,1.8889,1.7,3.2083,2.5,0.0
2.0323,3.125,3.2,2.303,2.0323,2.4643,2.8696,3.7143,3.05,3.0,2.0833,2.3939,2.2963,2.1143,2.1081,1.7143,1.0
2.1667,2.0811,2.5806,2.1765,3.5455,2.0606,2.3,2.4483,2.1875,1.9714,3.0,2.2286,2.5484,2.913,2.0968,3.1,1.0
2.9524,1.8788,2.2812,3.35,1.9412,2.6296,2.4643,1.7027,2.8077,2.3704,2.3529,2.0286,3.7143,3.6667,2.8462,3.2273,1.0
1.8286,3.0833,1.6053,1.7429,3.0417,2.2188,2.3793,1.8571,2.7692,2.0606,2.3667,2.0,2.2121,3.0476,1.7714,2.9615,0.0
1.9487,2.8636,2.7586,2.875,2.96,1.8919,2.5484,2.7391,2.6786,1.9688,2.1818,1.6154,2.5185,2.1053,2.2222,3.1739,0.0
1.9412,2.1515,2.6087,2.2286,1.525,1.9118,3.05,2.3667,3.2,2.52,2.0811,3.9,2.5769,2.4375,2.0,3.1364,0.0
1.9722,2.7727,2.2759,3.1667,1.8333,2.5,2.4333,2.0882,2.7308,2.2286,3.0,3.0435,2.5172,2.7917,3.8095,2.6667,1.0
1.9474,2.5357,3.0,2.3846,1.8,2.8462,3.1364,1.5641,1.725,3.3,3.25,2.0,2.2727,1.5897,3.2727,3.5,1.0
1.9143,1.8485,2.9231,2.0323,1.9444,1.6667,2.2424,2.2727,1.9487,2.56,3.3478,2.4615,2.0909,2.0,3.8095,3.2174,0.0
3.0435,2.0,2.8696,1.7143,2.8519,1.65,2.2571,2.0857,2.56,2.2727,1.7297,1.7838,2.5,2.5556,3.5909,1.8788,0.0
2.0323,2.0541,1.55,1.7222,1.9394,2.2812,1.7838,2.1562,2.5,2.0811,1.7568,2.4444,2.027,1.8919,3.3043,3.5909,0.0
3.25,1.6667,3.0769,1.7632,1.9231,2.4516,2.2353,3.0,2.3214,2.2414,2.1786,3.65,3.4348,2.7586,2.4688,1.9429,0.0
3.2917,1.7647,2.9565,2.4667,2.0,2.0938,1.7632,2.7391,2.0286,1.9143,1.8286,2.1143,1.9355,1.7714,2.875,2.6429,1.0
2.5185,3.0,2.8636,2.7391,2.0,2.2143,2.5667,1.973,2.0909,1.9714,1.8378,1.9355,2.0,2.6071,2.2286,1.8947,0.0
3.0952,2.0,1.7179,1.9706,3.2381,1.75,2.4062,2.0606,2.4138,2.0625,1.6667,3.5,2.2188,2.4375,3.8,2.0938,1.0
1.8718,2.0,1.7297,3.5455,2.5,2.1875,2.1667,3.087,1.8421,1.9714,2.8571,2.2353,1.7297,3.15,2.6786,1.6,1.0
3.0385,2.2812,3.5238,2.4643,2.0,3.1364,2.9565,2.92,1.9429,1.7568,2.3793,3.04,2.1667,2.76,2.2581,1.9231,1.0
3.05,2.1053,2.963,2.0541,2.2727,2.0,1.9167,1.5,3.3182,2.3667,2.0857,2.0263,1.6667,2.5517,3.2,2.625,1.0
2.963,2.4062,2.1613,1.9062,3.6,3.0435,2.2258,2.913,2.9231,3.0909,2.3103,1.7179,1.7692,2.8182,2.5769,2.8182,0.0
1.6486,2.4643,1.7778,3.7143,3.0435,1.9412,1.8182,2.6957,2.1379,1.9412,1.8649,1.9211,1.7941,1.575,2.3214,2.8519,1.0
1.8919,2.4839,2.3667,1.5,2.8846,3.5,3.25,2.1053,2.6071,2.4839,2.6897,2.0,2.2353,2.3871,2.1765,3.4286,0.0
2.3077,3.2609,2.1034,1.725,2.0,1.675,3.5238,3.05,2.5517,3.1304,2.7917,3.0,2.9231,3.7,3.2,2.5172,1.0
2.1613,1.525,1.75,2.3,3.55,2.1622,2.0286,1.7692,1.9394,1.5,2.5667,2.0,1.925,1.9091,3.0476,1.6,1.0
1.85,2.2812,3.6667,1.5385,1.9189,2.1034,2.9545,2.3125,2.7826,3.2,3.1905,2.0278,1.8056,2.3,2.6667,3.3043,0.0
2.5862,3.25,1.55,2.4231,2.0294,2.7727,3.35,2.0882,1.6486,1.575,2.48,1.925,2.2667,2.9231,2.1429,1.675,1.0
2.1714,2.9524,1.7692,2.84,3.0,2.3125,1.8182,2.0263,2.6154,2.125,1.7949,1.875,2.2069,2.1034,2.2069,2.3939,1.0
3.0,2.2571,1.8421,2.5862,3.0,1.8333,1.7179,2.0588,2.2258,1.9737,1.8571,2.2121,1.6842,3.1,1.9412,2.2143,0.0
1.7368,2.7143,1.65,3.35,1.8421,2.8571,2.88,2.0789,1.9211,1.8684,3.0,2.0333,3.1364,2.0556,2.0,1.6667,1.0
2.1351,1.8235,1.9429,2.0,1.9394,2.6957,1.6842,2.6786,2.0,3.4783,3.12,2.7391,2.6154,1.6667,2.6333,2.2424,1.0
2.8333,1.9459,2.7778,2.1622,1.9737,2.1667,1.775,2.1429,2.0,3.9,1.975,2.6522,2.0294,3.04,1.55,1.9487,0.0
1.9211,3.3,2.0,2.3214,2.72,2.3077,2.7241,2.1212,3.1304,3.0833,1.8919,1.75,1.8158,2.2222,1.6842,2.7586,1.0
1.8,2.75,2.7407,1.7632,1.6154,2.1613,2.7917,3.7143,2.0312,2.4,2.4231,2.913,2.5769,3.0,1.9459,2.3103,0.0
1.8889,1.8571,2.1667,3.4762,2.8696,3.087,2.3333,2.48,2.5806,1.7,2.9583,2.1613,2.5,2.2121,1.641,1.6944,0.0
2.0857,1.9062,3.15,1.6053,2.56,2.1351,3.0435,2.1667,2.25,2.25,1.65,3.15,2.4074,2.3846,2.3125,2.9524,0.0
2.3,1.9375,2.75,3.2917,2.0278,1.7568,1.7105,2.6897,3.15,2.1429,2.1053,3.1304,2.6207,3.125,2.75,2.2333,1.0
3.6,3.25,1.9189,3.0769,2.2963,2.3704,2.1333,2.3846,1.8,1.6667,2.7083,1.9677,2.0833,2.5862,1.9737,2.6667,0.0
1.7778,3.8095,2.4,2.8462,2.0811,2.7037,1.9697,1.9118,2.6667,1.85,2.0968,2.6333,3.05,2.4688,2.2593,2.2353,1.0
2.1429,1.8108,1.7436,2.1351,3.05,3.3636,2.3462,1.8333,2.1613,2.2059,2.1765,2.1667,2.8571,2.8571,2.2759,1.9722,1.0
1.7632,3.087,1.9474,1.7949,2.4194,2.3103,1.7778,2.6667,2.5484,2.4074,2.2593,1.7714,1.8857,1.9231,1.9459,3.55,0.0
2.9524,2.4688,2.6667,2.8,3.087,2.4138,2.6522,1.7,2.8696,1.8158,1.9211,3.9,2.6897,2.0,2.5172,3.4348,1.0
2.88,3.15,2.5,2.0526,2.1143,2.0882,3.4348,2.2222,2.1429,1.8529,2.3333,3.4348,2.5161,1.8,3.2609,2.9167,0.0
1.7714,2.2353,2.2581,2.4138,1.8,2.5862,2.6667,3.55,2.0938,2.5333,3.087,1.7027,2.0312,2.3871,2.3929,2.6667,1.0
3.1,1.8,2.1176,1.625,3.0,3.0417,2.1176,2.6,2.4333,1.7,2.3214,2.7083,2.5172,2.625,2.7241,1.9118,1.0
2.6333,2.4138,1.8571,1.8,2.5357,2.303,1.875,2.0278,2.6296,2.9259,1.7368,2.75,2.125,1.9474,2.8214,3.3636,1.0
1.8571,1.9744,2.0909,1.9722,2.0,1.7105,2.6296,2.2571,2.8846,1.55,2.1429,1.825,1.75,1.725,3.0385,2.963,1.0
2.7917,2.0667,1.7179,3.4,1.9091,3.0435,1.575,2.1389,3.25,2.8571,3.2083,1.725,2.0323,2.8214,2.6522,1.7647,1.0
1.7,1.7179,2.7037,2.6071,2.0606,3.25,2.2222,1.9677,1.9429,3.3913,1.7105,2.4375,3.05,2.1935,1.9744,1.75,1.0
2.5385,1.7143,2.5172,2.1389,2.6923,3.08,2.0312,1.9355,2.0,2.0882,2.027,2.5333,2.5,2.9259,2.0,2.2581,0.0
1.9444,3.0,1.8947,2.52,3.8,3.2,1.7568,2.2286,1.6757,2.1714,2.5385,1.8378,2.8696,2.375,1.875,2.3939,1.0
3.65,3.0833,1.7436,2.0588,2.0938,1.5897,2.5161,2.0811,2.4,2.3529,3.3333,1.9444,2.0667,3.6,2.5769,2.5357,1.0
2.3214,2.1111,1.6216,3.25,1.9444,1.9211,1.8485,1.6216,3.5,2.5161,2.0256,2.5172,2.56,2.0571,2.9545,2.5926,1.0
2.1944,1.9714,2.1212,2.7037,1.775,3.0769,4.0,2.0571,1.8462,3.5,1.9444,3.0,3.1429,2.8148,2.4688,3.2381,0.0
1.7436,2.0312,3.0,2.0857,3.45,2.92,1.8421,1.75,1.9722,2.7083,2.3438,2.25,2.6667,2.2571,2.6429,1.8333,0.0
2.4,2.4194,2.7037,1.7436,1.9211,1.9143,2.1471,2.0588,3.1667,1.9444,2.2353,1.7429,2.4333,2.6786,2.0909,2.5,0.0
2.2857,3.05,3.1,2.1379,2.4062,1.7,2.56,2.3103,3.2273,2.75,3.15,3.0435,2.8182,2.4194,2.6786,3.85,1.0
3.7619,3.25,2.3077,2.1935,1.641,2.0909,3.4286,1.9706,2.1667,2.25,2.4062,2.1333,2.4516,1.6944,3.6667,3.3043,0.0
2.7273,2.0882,3.65,3.1304,1.7297,2.875,3.2381,3.3913,2.6087,2.2143,2.0938,1.7368,3.45,1.7027,1.6842,1.8378,1.0
2.8519,1.725,2.2424,3.5714,3.85,3.0909,2.2222,1.7436,3.16,2.8,2.5357,3.2,3.5,1.9737,2.5,1.6757,1.0
2.375,2.0,3.5455,2.8519,1.9189,1.9697,2.027,2.303,1.6842,2.625,1.75,3.4762,2.7586,1.9143,1.8485,2.0,1.0
2.5833,1.8182,2.8,1.8421,2.7826,2.2333,3.05,2.375,2.3793,1.95,2.8182,1.7568,3.2,1.525,2.3636,3.1429,0.0
2.2333,2.8571,2.1143,3.0476,3.0769,2.1667,3.35,3.4091,2.1333,2.3529,2.0,2.3929,2.0,2.2,2.1212,3.4,1.0
3.65,2.2258,3.5238,1.6216,2.0556,3.0,2.5185,2.4138,1.8684,2.3548,2.0333,2.5833,2.6207,2.1034,2.0526,3.35,1.0
2.0312,3.1818,2.6923,3.1905,1.85,2.5,3.75,2.1143,3.4545,2.4839,1.8529,2.9048,1.9737,2.2258,3.05,1.9211,1.0
1.75,2.6296,2.5556,2.0333,2.6786,3.5909,2.6296,2.0,1.9487,2.7826,1.9167,3.6667,1.9189,2.88,2.7826,2.0,1.0
2.5185,1.7027,1.8235,3.05,2.4667,2.4,2.0789,3.2083,2.0833,2.4,3.3636,1.7895,3.125,2.3871,3.95,1.7027,0.0
2.2963,1.8056,3.3333,3.05,2.0625,2.0303,3.3333,3.087,2.3077,1.9091,2.7778,1.95,2.75,2.0571,3.0952,2.75,0.0
2.44,1.525,2.4062,2.9583,3.4,2.4643,2.1667,1.8286,2.5,2.5172,1.8182,2.4,1.7297,3.0455,2.3529,3.0769,1.0
3.45,2.129,2.0256,2.8571,2.1333,2.0857,2.6957,3.0833,2.4815,1.8,2.3103,1.875,2.1667,2.8261,1.7647,2.3333,0.0
2.7826,3.7143,2.0294,2.4444,2.1622,2.6,2.6667,2.5517,2.5,1.975,3.85,2.0,2.68,2.0,3.45,2.027,1.0
2.76,2.6522,3.4,2.7273,1.9375,3.087,2.913,2.0588,1.7941,1.8947,2.3235,1.9,3.45,1.7436,2.5769,3.2,1.0
2.5862,3.6,2.9231,2.1,2.3333,1.9487,2.3226,2.6087,2.7037,2.0,2.3125,2.9524,2.3793,2.7857,3.3913,3.5,1.0
2.6,2.6538,2.2571,2.0833,2.1389,2.3929,2.2571,1.9429,2.1034,1.7941,1.6944,3.1429,2.5,2.4333,2.5,2.0556,0.0
1.5641,2.8696,2.5,2.3939,2.0,1.8286,2.0588,2.1667,2.3529,3.0,2.1471,2.84,2.8182,3.5714,1.9355,1.7568,1.0
1.973,2.0857,3.1739,2.4,2.3636,1.8158,3.8095,2.0811,2.84,2.1724,2.2571,1.7436,2.3793,2.3448,2.96,3.2917,0.0
2.3333,1.55,2.84,2.1389,3.75,1.9714,1.8824,2.3438,2.3929,2.625,2.9048,3.3913,3.3913,2.3214,1.75,2.7407,0.0
3.12,2.0571,2.52,1.8974,2.1667,2.6087,1.5641,2.5,2.625,2.1724,1.7297,1.5897,1.7895,3.3913,1.6667,2.2414,1.0
3.0952,2.0,2.4643,3.381,3.2727,1.9189,1.9459,2.0513,1.9744,1.7632,2.1429,1.9167,2.6154,1.7436,2.5484,2.25,1.0
2.5185,1.7143,2.76,2.7857,2.5161,2.48,1.7222,1.8,2.963,2.0,2.3793,2.4643,2.1818,2.6667,3.25,3.1667,0.0
2.0,3.2381,3.12,2.5417,2.0606,3.95,1.9118,2.3333,2.8,2.5357,3.05,2.9524,1.9,2.8462,2.8571,1.9444,1.0
3.2727,1.7105,2.0588,3.5909,1.9706,2.9524,2.88,1.9459,4.0,2.303,1.9189,2.2941,2.2143,3.0769,1.675,1.8919,0.0
2.4615,3.3,2.1944,3.2609,3.1739,4.0,3.5238,2.0,2.125,3.4286,1.9706,2.8696,2.2903,2.0882,2.8077,3.2,1.0
1.9231,1.725,2.8214,2.4074,1.9714,2.6786,1.7,2.4688,2.0588,1.6923,2.6667,2.1143,2.0526,2.913,2.7391,2.4138,0.0
2.913,3.85,3.55,2.5714,1.8857,2.0968,3.25,2.7083,2.2941,2.2963,2.2,1.5641,1.8205,1.5789,2.4286,1.7179,0.0
3.5,1.7297,1.9231,2.0312,1.9744,3.55,2.2059,3.3478,2.3,2.8,1.7222,2.3793,2.7778,2.125,2.4375,2.5417,0.0
2.0588,1.9167,3.4091,1.7222,2.3103,2.3548,2.1818,2.1379,1.8824,2.8182,1.9677,2.4,2.0833,3.08,2.0571,3.25,1.0
2.2963,2.1111,2.6923,2.3939,1.7027,2.7917,1.9118,2.5417,2.7143,1.7222,2.0263,2.1351,2.6429,3.1667,2.9231,2.8333,1.0
3.4,2.1667,2.5385,1.6579,1.5641,2.1724,1.8611,2.8,1.9211,2.5385,2.1875,2.3793,2.3636,2.1351,1.9722,3.9,0.0
2.3793,2.1667,3.05,2.2667,3.381,2.3438,1.6486,1.5897,2.1429,3.7143,1.7647,2.1351,3.95,1.6216,2.6207,2.375,1.0
3.7143,1.825,2.0,2.2581,3.0,1.8462,2.6538,3.3,2.0909,2.2059,2.2,2.1351,2.75,2.4839,2.5,2.6333,1.0
2.4375,2.3929,1.6486,2.0,2.2,2.2857,3.75,2.1429,1.8947,2.1667,2.2222,2.9259,2.2188,2.1944,2.6296,1.6923,0.0
2.0,2.6522,2.375,2.1212,1.8718,1.9444,3.3636,2.1351,1.8,2.4286,1.9355,2.2593,1.7222,2.8462,2.8696,2.84,1.0
2.9545,1.9487,2.5185,3.0952,2.1333,2.5833,2.4643,1.9091,2.0323,2.1724,2.0882,3.1905,2.2963,1.6053,2.3548,1.8889,0.0
2.3438,2.2581,3.45,2.5,2.0571,3.75,3.0385,3.1739,2.5769,1.8649,3.087,2.8,2.1667,3.2381,2.3871,2.0833,0.0
2.5357,2.0513,3.0,2.9048,2.3793,3.2,1.7105,2.0312,2.8333,2.0556,2.2258,1.8333,2.0,1.9722,2.7917,2.4483,1.0
2.1333,1.9062,2.3103,2.6296,2.1613,2.6667,2.1351,1.9429,2.1,2.7692,3.3333,2.3793,1.85,2.0,1.85,3.16,0.0
2.5926,1.7143,2.5517,2.2059,1.7429,2.5769,2.2941,2.4286,1.8205,2.6786,1.8205,2.25,2.2059,2.2222,1.8649,2.1429,1.0
1.975,3.125,2.0833,1.8286,1.9459,3.4762,1.9737,2.7692,2.3,3.0909,2.4839,2.3226,2.6154,2.2143,2.1471,3.3333,0.0
2.3846,3.1429,3.4286,2.3548,2.7241,3.4286,3.4091,2.963,2.9048,1.7895,1.85,2.0,3.15,2.7037,2.0833,2.3077,0.0
3.0385,1.8,1.8947,1.9444,2.1724,1.6667,2.2963,2.2941,2.1935,1.6579,2.2857,2.7407,3.1304,2.2593,2.7586,2.6,1.0
2.0,2.3529,1.8571,3.0,1.75,3.7619,3.0,1.6579,1.75,2.5926,2.44,1.8378,3.5909,1.6923,2.1765,2.84,0.0
2.1724,2.2333,2.2727,1.8462,1.8571,2.7778,2.4375,1.95,2.5833,2.963,2.3077,2.1724,2.7241,2.5862,2.8077,2.7727,0.0
2.0968,2.3333,3.4348,2.3235,2.9091,1.7368,1.975,2.5769,3.5455,2.0256,3.75,2.6087,2.3571,2.2059,2.5333,3.04,0.0
3.0435,1.725,1.9167,2.92,1.7838,2.4333,1.8824,2.1667,3.0952,2.2857,2.0,3.3636,1.875,2.2581,2.4643,1.8684,1.0
1.7143,3.3913,3.0385,2.0833,1.6944,1.875,1.9714,3.0769,2.0312,2.6667,1.6316,2.0513,1.9355,2.125,3.2273,2.5833,1.0
2.6667,2.7241,2.5517,3.3636,3.5714,2.7778,2.7391,2.4333,2.25,2.1143,2.3846,2.5484,1.8485,2.3846,2.6207,2.6296,1.0
2.8077,3.25,3.8095,1.7647,3.95,1.8485,1.6053,2.0556,2.5185,2.7727,1.7949,1.7179,2.9259,1.8485,2.6207,2.3214,0.0
3.2609,1.6923,1.7692,3.2917,2.3214,2.0526,2.8077,3.2,3.4783,1.7941,3.8095,2.2963,1.625,2.4231,2.303,2.2593,0.0
2.5161,2.0556,2.9565,3.04,3.04,1.6579,2.8519,1.7222,2.1429,1.9394,3.8095,1.7429,3.2857,2.72,2.6087,2.5,0.0
2.4194,1.9677,1.6154,2.84,2.4194,2.1351,2.5,1.8286,2.6071,4.0,2.4062,2.0606,2.7917,1.8158,2.0645,2.3235,0.0
2.5769,2.0,2.303,3.95,1.85,1.7429,1.7297,2.7308,2.4615,2.0,2.9583,2.9615,2.7826,2.1176,1.6667,2.0286,1.0
2.0588,2.5806,2.6296,2.52,2.4062,2.1429,2.0263,4.0,2.5417,1.9062,2.4667,3.381,1.8,2.9259,2.963,1.9474,1.0
1.5,2.7083,1.875,2.0938,2.5714,2.7778,2.0526,1.7941,2.6667,2.0333,3.3,1.8684,3.5,1.9394,1.9677,2.0588,0.0
3.087,2.2222,2.7692,2.5517,2.0541,3.1739,2.44,3.16,2.25,2.4688,2.4828,2.2059,3.0,3.4091,2.6522,1.75,0.0
1.8378,1.9722,2.5667,2.1622,1.7297,3.2381,2.0,1.7297,2.4194,2.3704,1.9062,3.75,2.6957,2.0,1.55,2.8636,1.0
2.1935,2.1875,2.0909,2.303,1.675,1.9231,2.5517,2.8696,1.9143,3.3913,3.4,2.6154,2.6667,2.9091,3.2609,2.4074,0.0
1.6316,2.7241,2.1,3.1905,2.4242,2.2188,2.3793,2.3,2.9545,2.9583,2.3125,3.1,1.8235,3.7,1.7692,2.2121,0.0
2.2286,3.0,2.9524,2.9259,2.7407,1.6667,2.5926,2.4815,2.9231,2.9565,1.7027,2.5769,3.5,1.9211,1.6486,2.3939,1.0
1.9714,2.3462,2.5357,2.4828,3.2273,2.2647,1.9722,2.4074,2.6087,1.825,1.5897,2.5806,1.8857,2.4483,2.2414,2.68,1.0
2.0,1.9412,3.381,2.2857,2.76,3.5714,2.1724,3.0417,1.8205,3.16,2.2593,2.4062,1.85,2.5417,2.3333,2.3226,0.0
1.525,1.7568,2.3125,2.5,3.2857,1.8919,2.3529,2.3529,3.8,3.8,3.5455,2.0,2.1765,2.3333,3.3913,1.7297,1.0
3.16,2.0303,2.0312,2.1667,2.1081,3.04,3.3,2.1786,2.129,1.8182,2.0,3.087,1.8056,1.75,2.1818,2.0294,0.0
1.6757,1.8947,2.6296,2.3438,3.25,3.1364,1.575,2.8846,2.2258,1.9474,3.2273,1.55,2.1622,2.5,1.725,2.0,0.0
2.9524,1.875,1.6667,1.7368,1.9744,2.7273,3.8,2.4828,1.9189,2.3846,2.0645,3.05,1.825,2.8333,2.2414,2.1212,0.0
2.6538,2.0,3.5714,3.4286,2.027,2.6923,2.7407,1.6,1.95,1.8788,2.0312,2.0,3.3,3.3182,1.8158,3.05,1.0
2.1333,2.1935,2.3103,1.8611,2.1379,3.2609,3.5,1.9697,2.5417,2.7273,2.6,1.675,1.925,2.1667,1.5,2.0323,0.0
2.027,1.8421,3.5,1.9444,2.2857,2.9259,1.7949,2.1351,1.7838,2.8462,2.1724,2.3,2.1389,2.0571,2.8182,2.6333,1.0
2.6522,2.4242,1.9091,2.0286,2.5357,3.381,2.6667,4.0,2.6786,2.8214,2.0,3.45,1.9474,2.4516,1.8235,2.375,1.0
1.9444,2.3929,2.0,2.1034,2.1667,3.7,2.2941,3.0952,3.5455,1.8919,3.25,1.8286,1.75,3.7619,2.5,2.1818,0.0
1.9375,1.9375,1.825,2.2188,2.1515,2.0,2.0938,2.9048,1.5,1.6757,2.1143,1.9706,1.7949,2.7917,2.5,2.1034,0.0
3.6,3.0,2.4062,2.6957,1.641,1.7568,2.3226,2.0294,2.9259,2.1351,2.0909,1.5,2.7826,3.0,1.675,3.4,1.0
3.5238,3.3333,2.069,3.0,3.0,2.6667,1.75,2.5556,1.641,1.6154,2.2333,3.2,1.6757,1.7027,2.7586,3.5714,1.0
2.5161,1.8333,3.6,3.0,1.8529,2.0333,2.7273,2.4828,2.5172,1.925,3.1,2.4242,1.55,2.0,2.0667,3.75,0.0
1.9706,1.5385,3.85,2.0625,2.3939,2.0333,3.5,2.0286,1.9143,2.0882,2.0,2.4138,2.2,2.3939,2.7778,1.6667,0.0
3.16,2.76,3.0476,2.2727,2.6538,2.8462,1.9459,2.2667,2.1471,3.4545,2.1053,3.35,3.5,1.8919,3.6667,2.4643,1.0
3.125,1.525,1.7714,2.4138,2.0256,2.1562,2.375,2.0833,1.9211,2.1389,2.0606,2.64,2.2353,1.675,1.5,1.973,1.0
2.8889,1.9118,2.4839,2.8519,2.7407,2.0625,1.8947,2.0513,1.7647,2.2593,2.1351,2.0278,1.7692,3.7619,1.8485,2.2333,1.0
1.7632,2.7917,1.5,2.125,2.4483,4.0,1.9355,1.8684,2.3871,2.4,2.027,3.0,2.1,2.1471,2.0,2.2759,0.0
3.0385,3.4,2.875,1.8,1.8421,2.303,3.2857,2.4138,1.7429,2.3226,1.65,2.5333,1.55,2.4375,1.7632,2.3871,0.0
3.7143,2.5,3.35,2.84,1.875,3.3636,3.5455,2.3462,3.125,2.125,3.0769,3.2083,1.9444,2.2812,2.8148,2.2143,1.0
1.7429,2.4483,2.2059,2.2,1.7647,2.5667,2.3667,2.7586,1.6316,1.7838,2.2188,2.48,1.9412,1.7632,1.9394,2.7586,0.0
2.1786,2.44,2.7692,2.4074,2.6429,3.087,1.7941,2.0909,3.12,3.3,2.1081,2.9565,2.4667,2.7407,1.8485,2.5517,0.0
3.1,2.7037,1.85,1.7105,3.5238,3.5238,2.4062,2.0,2.2667,2.3125,2.5769,1.9231,1.9189,1.7838,2.7083,1.825,1.0
2.069,1.625,1.7368,1.8333,2.0,3.7143,2.0882,3.16,1.9231,1.8286,2.0606,2.913,2.5517,3.2609,2.4231,2.0588,0.0
2.8889,2.68,3.5,1.973,2.7727,1.6757,2.6,2.6207,2.2857,2.7727,2.7308,3.4091,3.1667,3.0909,2.2286,3.2,0.0
3.0455,3.2083,3.2174,3.6667,2.2903,2.8636,1.5789,3.125,3.2,2.4815,3.0,2.6296,1.9737,2.1613,2.6786,1.9143,1.0
2.0,2.4483,2.1875,2.3571,2.875,2.9583,2.7273,2.6154,3.6667,1.9722,2.4333,1.7105,1.7949,2.3793,2.3529,2.5161,1.0
2.56,3.4286,2.0256,2.5667,2.3333,1.8718,2.3846,3.8095,2.5385,3.4545,2.6923,2.3333,2.5185,2.44,2.3125,1.7949,0.0
2.6522,2.3235,2.0,3.5455,3.85,1.9143,2.2333,2.0968,2.3929,2.72,2.6897,3.0,1.7179,1.7632,2.44,2.8077,0.0
2.5185,2.0571,1.7949,3.7143,2.0556,1.9429,2.4062,2.5185,2.9545,3.381,2.1724,2.1429,2.0811,2.7692,1.675,3.7619,0.0
2.1714,1.6053,1.85,2.4194,2.3462,3.25,2.1714,2.0263,2.75,2.3846,2.0833,3.3043,2.2,2.0286,2.3333,1.6486,1.0
1.8611,3.3636,2.1935,3.0385,2.0,2.0789,1.6757,3.3913,2.8696,2.8077,2.7308,1.9143,2.7586,2.0571,3.04,1.7692,0.0
2.3103,2.1818,2.4074,2.1714,2.9091,1.7949,3.0,1.675,2.2414,1.6,1.675,2.76,1.7949,3.2,2.963,1.6486,0.0
2.8846,2.3125,3.381,1.9118,2.0526,1.65,2.4138,2.5667,2.0286,2.0,3.5238,2.7143,2.1818,1.7895,2.5357,3.5714,1.0
2.9259,1.8108,2.2069,2.0606,1.8974,1.65,2.1714,2.2941,1.5789,3.05,2.2,2.125,2.6667,1.7,1.7692,3.1667,0.0
2.2258,2.3226,2.6071,1.6757,2.84,1.6053,2.1667,2.4839,1.6053,2.5385,3.0,2.7857,3.1304,2.44,3.0,2.76,0.0
2.0667,2.1212,2.1176,2.7143,2.9583,2.2333,3.0417,3.9,2.5,2.5714,4.0,3.2857,2.76,1.8919,2.2258,2.96,1.0
1.8235,3.3478,2.3548,3.2174,2.2812,1.875,1.7429,2.2121,2.2414,1.6316,2.9231,2.75,1.6579,1.6316,2.1429,2.0882,1.0
1.6486,2.1081,1.9429,1.8974,2.6667,2.2667,3.4762,2.1,2.2593,2.4643,3.3,1.95,3.2083,3.0,1.7143,3.3913,0.0
3.2381,1.8974,2.5484,2.1333,2.4667,2.1765,2.3226,2.3929,2.5926,2.9259,2.4062,1.7143,3.15,2.1667,2.2581,2.2963,0.0
2.9231,2.0,2.3939,3.2083,2.1176,2.2593,1.575,2.3667,2.2571,1.8,2.1944,2.5806,1.8205,1.95,1.9459,2.88,1.0
2.6897,2.2286,2.2424,2.0857,2.8333,2.0,2.0278,2.2069,2.3438,2.5806,2.069,3.25,2.4667,1.7647,1.8649,3.12,1.0
3.619,3.2727,1.9677,2.4444,2.4828,2.1034,2.9583,3.1818,1.9737,2.4483,2.0588,2.64,1.9459,1.6316,3.0833,2.1818,0.0
2.7692,2.3571,3.7,2.027,3.0,2.5417,2.2424,2.7857,2.2571,1.6154,2.8148,1.6053,1.8108,1.9487,1.9231,2.4286,1.0
3.1905,3.5455,2.9583,2.5,2.4483,1.8,2.0606,1.9737,2.0294,2.1765,2.4483,2.4194,2.5667,3.16,2.8148,3.4783,1.0
1.7222,2.2,1.6154,3.35,2.7037,1.9167,1.8485,3.5,1.8857,3.0,3.0,2.5926,2.913,2.4242,3.55,2.4828,0.0
2.5,3.65,2.7391,1.7368,2.3939,1.9143,2.88,2.1111,2.4062,2.7241,3.12,2.7857,2.9615,2.5172,2.9524,1.6486,1.0
2.76,2.0968,1.525,2.3871,3.7619,3.3913,3.2174,3.1905,2.7692,3.4545,3.0952,2.25,2.4688,2.6538,2.4375,2.1724,1.0
1.9697,3.45,2.625,3.3636,3.12,1.525,1.8,3.5,2.0667,2.0286,2.7586,3.381,2.7586,2.9583,1.6667,2.6,1.0
1.7,2.5,2.7778,2.4062,1.7436,2.7778,2.8261,2.0811,1.875,2.5185,3.2727,3.2273,2.9231,2.3793,1.5641,2.56,0.0
1.7692,2.5,1.9706,2.6923,1.625,1.525,3.7143,2.5862,2.0286,2.6786,1.9118,2.0,3.2727,2.6296,3.3913,2.1,1.0
3.1739,1.7105,3.0,1.5385,2.8889,3.619,2.2333,2.1515,2.8,1.9714,2.0,1.9375,2.2727,1.8462,2.2424,2.0625,0.0
2.4667,2.88,3.0,3.6364,3.2174,1.7143,3.2917,2.1786,1.8857,1.9118,2.0323,1.7027,1.8889,2.2286,2.6667,2.8571,0.0
3.6667,2.7037,2.0,1.7222,2.9524,2.2188,2.7391,3.4286,3.2273,1.8611,2.92,2.2286,2.4516,3.0,1.8286,1.8974,0.0
2.0256,3.0833,2.5,3.1818,3.5714,2.913,2.76,1.7222,2.1714,3.4286,2.2857,3.7619,2.0,1.7143,2.5484,2.7586,1.0
2.0,2.1471,2.6071,2.3214,2.5185,2.6154,2.0,3.3,2.96,2.3,2.6552,2.3939,2.1667,2.2571,1.5897,2.5417,1.0
1.9118,2.0,1.6944,3.2,1.9697,3.4783,1.875,1.6486,1.975,2.4194,1.975,2.0,2.6071,3.95,2.1515,2.8333,0.0
2.2759,3.3182,3.1304,2.0526,2.88,1.9,2.3,1.8529,1.975,3.8095,2.4,2.2941,1.8947,2.3636,2.2,1.7692,1.0
2.1389,1.875,3.3333,2.4516,2.0,1.7368,3.55,1.8,2.6667,2.3704,3.2727,2.1111,1.5789,2.2759,2.8214,1.9211,0.0
2.44,2.9091,2.7917,2.0968,3.55,1.9444,2.2667,2.1471,3.5455,1.95,3.4762,2.2222,1.75,2.5,3.7143,3.4091,1.0
2.6667,1.8,3.3636,2.0882,3.25,2.4231,1.9375,2.7273,1.65,1.9697,2.1818,2.3077,1.9412,1.8378,2.7778,3.8,0.0
2.5714,2.1622,3.6667,2.4231,3.7619,1.9118,2.875,2.1176,3.04,3.2083,2.4483,2.7778,2.7391,1.8421,2.3548,1.9459,0.0
2.1176,2.2941,2.1333,3.1429,3.5,2.5833,1.7949,2.3939,3.0,2.7391,1.8,2.56,2.3571,2.76,3.0,3.6667,1.0
2.4138,2.1212,2.2188,3.2609,2.0286,2.1714,3.2727,2.1053,2.6,2.6538,1.6667,1.9118,4.0,2.5484,2.6786,2.5,0.0
2.8182,1.8649,2.027,1.8718,2.3077,3.45,2.6552,2.5517,3.2917,2.5,2.9048,2.5172,2.8889,1.8378,2.9545,1.8235,1.0
2.4,2.0,2.75,1.9688,2.1724,1.9231,3.0455,1.8718,1.8462,2.1515,2.1143,2.2222,2.5185,3.5,2.0909,2.8519,0.0
2.2647,2.8182,1.7632,2.6,3.4783,1.9211,3.1905,2.0,1.8718,1.825,1.9231,1.6154,2.5385,2.56,1.7838,2.88,0.0
3.7143,2.25,1.725,3.45,2.1944,2.1379,2.0938,2.6296,2.2222,2.3235,1.9744,2.3077,1.6216,1.5789,3.2381,2.3077,0.0
1.6216,3.8095,2.0938,2.5172,1.9714,2.625,2.3333,2.2,3.4762,1.9231,2.2121,2.4839,2.0333,2.0256,1.9429,2.7143,1.0
3.0952,3.25,2.3235,2.8,2.3667,1.973,2.2333,1.5789,3.0417,2.4138,1.6757,2.9545,3.1905,2.6154,1.7179,2.4138,0.0
2.0938,2.8696,2.64,3.65,2.9545,2.3448,3.1364,2.3125,1.9118,2.1111,2.7037,1.8108,2.0968,2.8846,2.0,2.4074,0.0
2.0811,2.0294,2.3548,1.975,2.56,1.8378,3.0476,2.1622,2.0,1.9231,2.8846,1.875,2.52,2.0513,3.0909,1.8158,1.0
2.9091,3.65,1.5385,2.6522,1.8108,2.6897,2.2333,2.6207,3.6364,2.0303,3.2273,1.6667,1.6923,2.0323,2.0,1.9167,1.0
2.0882,3.4348,2.9231,3.1,2.6087,2.3939,2.4444,3.5714,2.4,2.0,1.9714,1.6316,1.7778,1.75,2.3333,3.25,1.0
1.6667,1.9697,3.4783,3.0,1.9062,1.5641,2.8077,2.6522,2.8182,2.76,1.8286,2.4062,2.84,2.5,2.0526,2.3235,1.0
3.3,1.9091,2.48,2.8182,1.6667,1.8919,2.0,1.9737,3.2917,1.8,2.3333,3.1,1.525,1.675,2.0625,2.64,0.0
2.75,2.8214,1.8,1.8571,2.3846,2.0,3.5238,3.35,2.5185,2.8261,2.3,3.0,3.0435,3.1429,2.3667,2.4,0.0
1.7941,2.1212,2.5357,2.9565,2.1818,2.3793,2.0,2.1351,1.6216,1.8108,1.8,2.3333,2.6923,2.913,1.9487,3.3636,1.0
2.4286,3.25,2.8636,2.4286,3.4,3.0833,3.4545,2.5,2.0811,2.7143,2.3636,2.75,3.5,1.55,2.75,1.7436,1.0
2.3226,2.3929,2.2941,3.2,2.2647,3.5909,3.0833,2.4688,2.6429,2.0968,2.3846,2.2727,1.8974,1.525,3.0,2.8696,1.0
2.4194,3.6667,2.3438,3.75,1.9189,2.0263,3.25,1.8947,1.5385,1.7179,2.0,1.9062,3.12,2.1429,3.0417,3.0,0.0
1.575,3.2727,1.8649,2.6,2.0256,1.7692,3.0417,2.5806,1.825,3.0769,3.4,1.5385,1.6154,1.9487,3.85,2.1667,1.0
1.5,2.0909,1.8718,3.3,3.7619,2.3333,2.7727,2.0645,3.2727,3.04,3.6364,1.7632,3.0,2.3125,3.0385,1.9091,0.0
2.1944,3.5455,2.5357,2.2353,2.4,2.0,2.2333,1.525,1.8788,3.3636,1.9412,3.0952,1.7647,1.8235,2.1613,2.875,1.0
2.0909,1.7143,2.1429,2.0,3.0769,1.9394,1.7436,1.575,1.9375,2.3529,3.55,1.7027,2.0606,3.8,2.4333,1.6316,1.0
2.5,2.8571,1.6216,3.0385,2.875,2.3667,2.1389,2.1765,1.5,2.5333,1.6757,1.8974,4.0,2.3214,2.125,3.5,1.0
1.8974,3.5714,2.5333,2.8,1.8788,1.5897,2.1875,2.7586,1.7368,1.7297,2.875,2.25,2.0882,2.0323,1.5385,2.2286,0.0
1.8158,2.5172,2.0,2.3871,3.087,2.5484,3.381,3.8095,2.0,2.3636,2.6667,1.6757,3.087,3.619,2.6552,3.9,1.0
2.2581,1.9688,2.5333,2.3871,3.3333,2.1515,2.4444,2.8571,3.85,2.0312,1.8947,2.3846,2.3871,2.8571,2.7143,2.3226,1.0
3.2083,2.5,2.0625,1.8378,1.8,1.8462,2.6154,2.0541,2.8846,1.7714,2.5161,3.619,1.85,1.65,3.0,2.0,0.0
1.9722,3.0833,2.0312,2.913,2.4375,2.0,2.0294,2.2581,2.5556,2.25,1.725,1.8485,1.7436,2.92,2.68,2.9615,1.0
2.3846,2.1562,1.9487,2.3333,2.4688,1.875,1.9231,2.0303,2.3667,2.1944,1.9167,1.9706,2.4615,2.9259,1.8684,2.5769,0.0
2.5,2.5417,2.1667,2.8182,1.7436,2.0968,2.9231,3.0,3.0,1.55,2.6296,2.1724,2.88,1.6316,1.7436,3.4091,1.0
2.6667,2.5517,2.0,2.6957,3.3333,1.675,2.5667,2.0857,1.9062,1.641,3.1739,2.4,1.6923,1.7778,2.0606,2.3333,1.0
2.0,2.1667,2.52,2.0938,2.2903,2.125,2.9565,2.5,2.3636,1.575,2.9091,2.4242,2.1429,2.3448,2.44,2.5556,1.0
2.6667,2.0789,2.6429,2.3793,3.9,1.7949,2.5667,1.7568,3.2,1.5789,1.9,2.0312,2.9615,2.6,2.069,2.7391,0.0
2.6522,3.5238,3.8,1.7838,3.125,3.1304,1.8919,2.0541,2.76,2.6667,2.6429,1.9459,2.1429,1.95,1.973,2.125,1.0
2.0286,1.8,3.8,2.44,2.0556,2.3333,3.0,2.3571,2.0513,2.9259,1.6923,1.9714,1.9143,2.0541,1.9167,2.4,1.0
2.1622,1.6667,2.5806,1.8788,3.4,3.0,3.087,3.4762,2.5,2.0789,2.0312,2.0811,2.7692,2.7857,2.6552,1.7179,0.0
2.1212,2.1562,2.4231,2.2857,1.9394,2.0857,2.2353,1.55,2.0,1.9429,1.8462,2.0556,2.5,2.0833,2.1333,1.9143,0.0
2.8636,1.8857,3.0769,2.5517,2.4231,3.3333,1.875,2.1429,1.973,3.0952,2.1786,2.6,1.9118,2.1765,2.0625,2.6667,0.0
1.9444,3.0435,1.9706,3.1905,1.6667,2.2059,1.9706,3.2273,2.5161,1.7297,1.9429,3.4,2.2258,3.3636,2.88,2.1667,1.0
3.25,2.5417,1.7027,2.1351,2.3077,2.625,2.8696,2.6,3.3913,2.8462,2.75,2.4643,2.88,1.9167,4.0,3.087,0.0
3.9,3.0385,1.9091,2.25,2.8519,2.4815,2.9583,2.7308,1.9444,1.9375,2.0,2.1562,2.1053,1.7895,2.4333,2.0541,0.0
3.7143,2.2222,2.9615,3.25,2.7391,2.2353,2.0303,1.55,2.6071,3.1818,2.7586,2.0857,2.75,2.2581,1.8286,2.1714,0.0
2.3939,1.7714,1.9706,1.6154,2.6552,2.3548,3.0,2.88,1.9375,2.96,2.0,2.0,2.0,2.7083,2.3333,1.9688,0.0
2.2188,1.7778,2.5,3.3,1.725,3.7619,2.25,2.88,2.7826,2.5357,1.6,2.6,3.3333,2.3636,3.05,2.1714,1.0
3.85,2.7273,2.75,2.4286,3.0,2.6207,2.1562,2.0263,2.8214,2.6,2.0,1.7647,2.0,4.0,3.1304,2.875,1.0
2.6,1.8684,1.825,2.5667,2.8696,3.3333,1.6757,2.3929,2.3939,2.5,3.5455,1.55,2.2647,2.2647,2.6667,1.9118,1.0
1.9697,1.8,2.1562,2.0857,2.5417,2.375,1.8718,3.5238,2.2647,2.2424,1.7778,2.2727,2.1714,3.4783,2.75,1.95,1.0
2.25,1.8649,2.44,2.125,2.6957,1.5385,2.6333,1.55,2.6,2.4286,3.15,2.4242,2.84,2.0,2.0526,3.3043,0.0
2.5357,1.925,2.3125,3.1304,1.6944,1.5897,3.0417,1.9189,1.8824,1.9375,3.2381,2.1562,2.25,1.7297,2.4815,2.5,1.0
1.9487,3.7619,2.7391,3.1905,3.45,2.8214,1.9143,2.3929,2.0,2.5806,2.5517,2.0541,2.1667,2.1515,2.9565,2.9615,1.0
2.4828,2.5556,1.8824,2.7917,1.6842,2.9615,2.75,2.6154,3.3182,2.8214,3.381,2.303,1.9706,2.1429,3.0952,1.8,1.0
1.95,1.8947,2.76,2.8636,2.68,2.3333,2.4,2.4333,3.2273,1.9459,2.6552,2.1765,2.7308,2.0625,1.8824,2.2188,1.0
2.8182,1.6579,1.9062,1.9,1.9459,2.5484,3.3043,2.7692,1.9062,2.4194,2.1818,2.1429,1.9706,1.9,2.2143,3.16,1.0
2.3704,3.381,2.0556,1.9,1.7692,2.0,2.3077,1.9474,1.7949,2.0811,3.16,2.8696,1.55,1.7647,2.0882,3.0,1.0
3.125,2.2333,1.8235,3.125,1.7429,2.3529,2.3667,1.6154,1.9231,1.725,2.3571,2.8148,2.963,2.5,2.7143,2.5714,1.0
3.0,2.4643,2.8333,2.6087,2.8519,3.1739,1.7105,1.7838,2.6786,2.7037,2.4688,2.9091,2.9231,3.4348,3.6667,3.75,0.0
3.7,3.3182,2.3929,3.5455,2.4138,2.8182,2.9259,1.7143,2.4516,2.2143,2.4375,2.2188,1.8462,1.7714,2.9167,3.1667,0.0
2.963,2.7143,2.6333,2.4667,4.0,3.0417,1.9706,2.0,2.963,2.2759,1.8378,3.0476,3.4286,2.7586,1.8056,3.4545,0.0
1.7297,1.95,2.1724,2.2812,2.2121,2.3929,2.96,2.7391,2.6957,1.8611,1.9487,2.3462,1.65,3.0952,1.8788,1.6053,0.0
2.0938,2.303,2.5667,3.9,1.9062,2.7586,1.9412,2.1351,3.0417,1.7778,1.65,1.7105,2.8636,2.0,2.2,1.8684,1.0
2.4839,2.3448,2.9545,3.65,2.4375,2.1471,2.6552,2.0323,2.4483,4.0,1.7105,2.6552,3.5238,2.625,2.5769,2.2222,0.0
2.3226,3.3,2.8182,2.4286,2.2353,2.7391,2.1667,1.6667,2.5385,1.9211,2.1351,2.5,2.1081,2.75,1.8529,2.4375,1.0
2.0303,3.5,2.4839,3.5,1.825,1.7222,3.7,2.1212,2.6071,1.6,2.8571,2.7586,3.6,2.5484,3.7619,2.9091,1.0
1.75,1.8571,2.0,1.973,2.5357,2.7241,2.3333,2.0,1.7568,1.7632,2.5185,1.6053,3.15,2.0541,2.5667,1.7778,1.0
2.5385,2.375,2.8462,1.75,1.6154,1.7179,3.5238,3.25,2.0323,2.1562,2.0323,1.641,1.8529,2.1724,3.1818,3.25,0.0
1.7368,2.56,1.7568,1.7027,3.95,2.0278,2.9545,1.625,3.5,2.2727,1.6579,1.9091,2.0278,2.1379,1.7027,1.6316,1.0
3.5,2.8636,3.08,3.1739,2.8571,2.5,2.6,2.1389,2.3448,1.9394,3.75,2.7143,2.6333,3.7619,1.7143,2.3939,1.0
2.2903,2.0,2.2222,3.3182,2.7037,2.0,2.6333,2.6522,1.9189,2.4516,1.6316,2.2059,3.85,2.4,2.4667,3.0417,1.0
3.3333,3.2917,2.1034,1.7027,2.7241,2.84,1.875,2.7391,2.2286,2.8148,2.4062,2.4839,2.0,2.96,2.3235,2.88,0.0
2.88,2.6429,1.875,2.6333,2.5667,2.1212,2.2903,2.0789,2.8846,1.6667,3.3,2.84,3.0417,3.1905,2.2812,1.9444,0.0
3.2381,2.0571,1.6923,1.9474,2.2667,3.1818,2.4828,2.0857,2.3438,2.6957,1.8286,3.0,3.381,1.9355,3.7143,2.5,1.0
1.9167,2.9565,2.68,2.9091,2.48,1.6053,3.7,3.05,2.9583,2.5484,2.6897,3.2727,3.2,1.7714,2.5806,1.675,1.0
2.2143,2.963,3.3182,2.3235,3.35,1.7222,3.6667,2.0513,3.0435,2.6538,3.2174,3.45,2.0263,2.2069,1.6923,1.7647,1.0
2.2414,3.25,2.8182,3.75,1.9677,3.15,2.7778,2.72,3.1304,2.2188,2.375,2.1379,2.2,2.0909,1.9697,2.6667,0.0
2.0256,2.1944,3.0385,3.9,3.5714,2.7308,1.6579,2.2286,3.45,2.6923,2.8214,2.9259,2.3571,2.069,2.0333,2.8333,1.0
2.4074,3.4,2.1714,2.303,2.25,2.75,2.25,2.1875,2.52,2.4194,2.0294,3.7619,1.9677,1.7222,3.1667,2.76,1.0
1.8182,2.4194,1.6579,2.7727,2.3103,2.1081,1.8182,1.8421,2.2258,2.0,1.8485,3.7,1.8485,2.8571,2.6538,1.8,1.0
1.8286,3.4783,2.1143,1.9167,1.8889,2.1471,2.2424,3.1,2.2903,1.5,2.4074,2.5,2.88,2.0833,2.2188,1.9394,1.0
2.3529,2.1875,2.3548,2.8636,1.7838,2.8077,1.9394,2.5,3.95,1.973,2.8889,2.1143,2.3226,1.9167,3.3333,2.1935,0.0
1.9737,2.9259,1.7778,1.8108,2.3125,1.641,2.3548,3.0769,2.0286,1.9,3.2273,2.7692,2.4815,2.2188,3.6364,3.2083,0.0
2.2414,1.8824,2.2727,3.0,3.1739,2.5161,2.7917,2.0312,2.8,2.2414,1.6316,1.7222,3.9,1.975,2.0,1.9744,1.0
3.1,2.3929,1.7838,2.2069,1.5789,1.9231,3.4348,2.4062,2.8148,3.2273,3.1739,2.8846,2.0909,2.1515,2.5667,2.913,1.0
1.5897,2.7083,2.6429,3.15,2.7727,2.1613,1.8611,1.675,2.6429,2.5172,2.2333,2.1379,2.3438,1.6154,2.3333,3.5238,0.0
2.3333,2.6,2.1667,1.9091,2.0,2.8182,1.8333,3.0,2.8,2.0606,2.8696,3.08,2.4444,2.5556,3.0417,2.5806,1.0
2.7692,3.5714,2.2941,2.76,3.2174,1.5,1.9722,2.1176,1.9394,3.2273,2.875,1.5,1.8611,2.6154,1.973,2.3548,1.0
2.3548,2.1081,3.0417,2.7917,3.0435,1.8571,3.1304,2.8846,2.6071,3.7619,2.0606,2.1622,2.875,2.5161,1.6579,3.0,0.0
1.9487,1.7,1.7429,2.3793,2.069,3.4286,2.72,2.3214,1.55,1.6842,2.2286,1.9714,2.6957,3.0417,1.5641,2.1,0.0
1.5897,2.3438,1.7429,2.3438,2.6923,1.825,2.3438,3.1667,2.7241,1.6216,2.0588,2.1111,2.0968,3.3478,2.4643,2.0278,0.0
3.3478,2.1351,2.2286,2.9615,3.0476,2.625,2.0882,2.5,1.9394,2.0,3.5909,2.7241,2.0,2.3793,2.7407,2.625,1.0
2.1081,2.1212,3.4,1.9091,2.963,2.1212,2.4194,2.1786,3.4783,1.925,2.9545,3.2609,1.9375,1.7568,1.7222,2.1351,1.0
2.7308,3.2609,2.3793,2.0,1.55,1.641,2.8148,2.8214,3.0385,2.3636,1.7027,3.0385,2.2121,1.7179,2.9545,3.2083,0.0
3.08,1.6842,2.5769,2.0833,2.1212,2.4194,2.6667,2.8636,2.8846,2.4615,2.8571,2.4333,3.8095,2.7308,1.9091,3.04,0.0
2.2424,2.5,2.0606,2.75,2.84,2.5926,2.6957,2.5417,2.3548,1.7436,2.3235,2.5,2.44,1.8182,1.7143,2.7308,1.0
2.5806,2.0,2.4375,2.4483,1.7436,3.4348,2.0606,2.9524,1.8611,2.2258,2.8333,1.875,2.3125,1.7436,2.2143,2.8571,1.0
1.8485,2.6333,1.8,2.8889,2.1765,3.25,2.3333,3.9,3.3478,2.129,3.1667,2.6538,2.0,1.8824,2.0833,2.0,0.0
2.0556,2.6429,3.5,2.48,2.1081,2.6071,1.9118,2.0667,2.8889,2.0667,1.8684,2.1818,2.4231,3.15,2.7692,2.6,0.0
1.8974,1.9,3.7619,2.3077,2.8696,2.125,2.6071,2.6087,2.88,3.2917,3.0,3.1,2.5,3.0769,2.5714,1.6757,1.0
2.6207,2.7917,3.95,1.7941,1.875,3.25,3.0,1.7838,3.2609,1.6053,2.92,3.0455,1.8974,2.5333,2.3226,2.5,1.0
1.7568,2.3333,3.2727,3.0,1.525,2.3548,3.0455,2.7826,2.2857,2.5484,2.1,2.3103,2.5556,2.4,3.125,1.8421,0.0
2.3846,3.05,2.069,2.0606,1.6486,2.5517,3.8095,2.0,2.4138,3.55,3.55,1.8182,1.625,2.1765,1.6757,1.5,1.0
3.7619,2.3103,2.3438,1.8974,3.65,1.925,2.0263,2.0513,1.8421,2.25,2.1562,1.8824,2.5161,2.1714,2.1333,1.7143,0.0
2.4138,1.975,2.2353,2.4194,2.1786,3.4762,3.6364,2.3438,2.0556,1.925,2.2941,2.2903,2.9524,3.6,2.72,2.0667,0.0
1.8462,3.05,1.6944,2.2903,3.1429,2.1613,2.3704,3.0833,2.0263,2.0256,1.6667,2.125,2.6897,3.0435,2.3548,2.6429,0.0
2.1176,3.0909,2.2424,3.6667,2.2727,2.5556,1.9744,2.44,1.5641,1.8824,2.72,2.8333,1.75,2.1429,3.12,2.1786,0.0
3.0769,3.2381,2.1333,2.3226,3.4762,3.25,1.8,2.7037,2.4,2.6071,2.4,1.8485,2.5714,2.5806,2.2581,3.3478,0.0
2.0333,1.7429,2.8519,2.88,3.0,2.5517,2.4815,2.3846,2.7143,3.4286,2.25,2.6667,3.2917,2.8214,3.2083,2.0909,0.0
3.3,2.2188,3.1739,3.5,3.2273,2.3235,3.7619,2.8571,2.4444,2.5,2.64,2.0513,2.2121,3.125,2.4194,2.1667,1.0
2.1818,1.8,2.75,2.3929,2.3448,3.1304,3.1739,2.7391,2.9091,2.7778,3.0,2.375,2.0,2.5385,2.5,1.8649,0.0
2.0938,1.6216,2.3226,3.3636,2.2333,1.5897,2.44,1.9062,2.0833,2.7727,1.975,2.0833,3.3333,1.5,2.0571,1.9118,0.0
3.8095,2.6429,3.0909,2.2647,2.96,3.0,3.1,3.0952,1.973,2.125,2.9565,1.8235,3.0,3.2727,1.973,2.5185,1.0
2.5,3.0476,2.2333,2.0938,2.4375,2.8696,1.6667,1.6053,3.2,1.55,3.0,3.2,1.9429,2.4688,2.6429,2.7391,1.0
3.1,1.8824,2.3333,2.0571,3.55,2.6071,1.8889,3.1818,2.4074,3.6667,2.3929,3.0909,3.3043,2.5417,2.5,1.7027,1.0
1.825,2.1667,2.4828,2.2667,2.1471,2.75,3.6,3.0,2.4444,3.9,2.1081,1.8889,3.3043,2.5862,3.6,2.4483,1.0
1.725,2.2581,1.9231,1.8571,3.1739,2.5769,1.7647,2.4,2.4828,1.925,1.8378,2.3235,3.2857,2.0312,2.5417,2.2963,1.0
2.84,2.56,2.2,1.7027,1.7838,2.3077,2.6,2.3448,2.4062,1.6923,2.0286,2.3939,2.5667,2.5484,2.7917,3.9,1.0
1.9,1.8788,2.8182,1.5789,2.0909,2.5172,2.7692,3.05,1.9474,1.9062,2.0571,2.5862,3.3,2.7308,2.8214,3.0909,0.0
3.1739,2.25,2.7407,2.4231,2.6154,2.7917,2.0303,3.087,2.6667,2.5833,2.3636,2.2667,2.3235,2.1389,2.7241,1.875,1.0
3.3478,1.8684,2.8889,2.76,1.9677,2.4333,2.7308,1.8378,2.6667,2.5185,1.8649,1.7568,2.1111,1.7368,1.9355,1.875,0.0
3.0,2.75,2.5417,3.0,2.6296,3.55,2.3548,3.1667,3.7,2.375,1.8485,3.6364,2.6,1.6154,1.7222,2.75,1.0
2.5667,1.6053,2.7586,2.3462,2.3793,3.0952,1.9412,2.2222,2.1081,2.1,2.6296,2.8846,2.3529,2.9231,2.4,2.1429,1.0
3.12,2.8889,3.2,3.08,1.8718,2.4688,3.1667,2.7037,2.1786,2.1935,3.15,3.1,3.2174,2.76,1.7143,3.4,0.0
2.2414,2.1765,2.7857,2.1053,2.0323,2.8182,3.0,2.7037,1.9143,1.6,2.1,3.1,2.3929,1.8824,2.8846,3.0455,1.0
